post_id,plataforma,total_comentarios,pct_positivo,pct_negativo,pct_neutral,score_sentimiento
7300022867905776901,tiktok,5,40.0,0.0,60.0,0.4
7334370673432775942,tiktok,5,0.0,0.0,100.0,0.0
7370057608000032005,tiktok,40,0.0,2.5,97.5,-0.025
7378154304164596997,tiktok,3,0.0,0.0,100.0,0.0
7387219669771586821,tiktok,3,0.0,0.0,100.0,0.0
7387521808691449093,tiktok,11,0.0,9.1,90.9,-0.091
7389803714074168581,tiktok,6,0.0,16.7,83.3,-0.167
7390160659004001541,tiktok,89,0.0,2.2,97.8,-0.022
7391278707274681606,tiktok,37,2.7,0.0,97.3,0.027
7391281332447612166,tiktok,7,0.0,0.0,100.0,0.0
7391290870227635461,tiktok,10,0.0,10.0,90.0,-0.1
7391464986960252166,tiktok,9,0.0,0.0,100.0,0.0
7391472183966452997,tiktok,3,33.3,0.0,66.7,0.333
7391554218840050949,tiktok,12,0.0,0.0,100.0,0.0
7391582567708822790,tiktok,3,0.0,0.0,100.0,0.0
7391652376970661125,tiktok,42,2.4,0.0,97.6,0.024
7391712527446592773,tiktok,62,0.0,1.6,98.4,-0.016
7393940585377189126,tiktok,6,0.0,0.0,100.0,0.0
7393955039947033862,tiktok,11,9.1,0.0,90.9,0.091
7393969033139211525,tiktok,22,0.0,9.1,90.9,-0.091
7393980402236525829,tiktok,58,5.2,0.0,94.8,0.052
7394007918850395398,tiktok,8,25.0,0.0,75.0,0.25
7394196241619471621,tiktok,15,6.7,6.7,86.7,0.0
7394931241251769605,tiktok,3,0.0,0.0,100.0,0.0
7395772794312658182,tiktok,3,33.3,0.0,66.7,0.333
7395788377481694470,tiktok,5,0.0,0.0,100.0,0.0
7398668907919232262,tiktok,6,0.0,0.0,100.0,0.0
7402314515066522886,tiktok,6,0.0,0.0,100.0,0.0
7405308455998852357,tiktok,4,0.0,25.0,75.0,-0.25
7411589749837712645,tiktok,3,0.0,0.0,100.0,0.0
7412675206109613318,tiktok,16,0.0,0.0,100.0,0.0
7414880728737008902,tiktok,3,0.0,0.0,100.0,0.0
7414896045244583173,tiktok,3,0.0,0.0,100.0,0.0
7419536553988361478,tiktok,5,0.0,0.0,100.0,0.0
7445847751868353797,tiktok,6,0.0,0.0,100.0,0.0
7445853413562158341,tiktok,3,33.3,0.0,66.7,0.333
7445856817990601989,tiktok,4,0.0,0.0,100.0,0.0
7454784048964046085,tiktok,7,0.0,0.0,100.0,0.0
7459859378003365125,tiktok,60,0.0,1.7,98.3,-0.017
7461710825313586437,tiktok,3,0.0,0.0,100.0,0.0
7463647303417498885,tiktok,3,66.7,0.0,33.3,0.667
7471327358587292933,tiktok,3,0.0,0.0,100.0,0.0
7472782351131479302,tiktok,3,0.0,0.0,100.0,0.0
7474670402531314950,tiktok,60,5.0,6.7,88.3,-0.017
7477719724063853879,tiktok,4,0.0,0.0,100.0,0.0
7478442822585077047,tiktok,8,25.0,0.0,75.0,0.25
7478703847389629701,tiktok,3,0.0,33.3,66.7,-0.333
7488857504256937222,tiktok,3,0.0,33.3,66.7,-0.333
7492549301013384503,tiktok,4,0.0,0.0,100.0,0.0
7497005743405534470,tiktok,3,0.0,0.0,100.0,0.0
7500989190969052471,tiktok,3,0.0,0.0,100.0,0.0
7501387460434251013,tiktok,3,0.0,0.0,100.0,0.0
7501758494689905975,tiktok,4,0.0,0.0,100.0,0.0
7509950838912060728,tiktok,9,11.1,0.0,88.9,0.111
7510377832145521926,tiktok,3,33.3,0.0,66.7,0.333
7514423904882920760,tiktok,6,0.0,0.0,100.0,0.0
7515121923735506181,tiktok,4,0.0,0.0,100.0,0.0
7518534537438121221,tiktok,4,0.0,0.0,100.0,0.0
7518558049133514040,tiktok,7,0.0,0.0,100.0,0.0
7518963271492308229,tiktok,7,14.3,0.0,85.7,0.143
7520710278439341318,tiktok,9,0.0,0.0,100.0,0.0
7521105226913434885,tiktok,47,0.0,0.0,100.0,0.0
7521438013453274424,tiktok,7,0.0,0.0,100.0,0.0
7521791312811576582,tiktok,71,2.8,1.4,95.8,0.014
7521881906196122936,tiktok,3,33.3,0.0,66.7,0.333
7522208643308162309,tiktok,8,12.5,0.0,87.5,0.125
7523281362959256837,tiktok,41,4.9,0.0,95.1,0.049
7523311052210048312,tiktok,53,7.5,0.0,92.5,0.075
7523457376561777926,tiktok,3,0.0,0.0,100.0,0.0
7523486931175460101,tiktok,5,0.0,40.0,60.0,-0.4
7524853337146035512,tiktok,4,0.0,0.0,100.0,0.0
7525649907588320518,tiktok,15,0.0,0.0,100.0,0.0
7526200701488221446,tiktok,5,0.0,0.0,100.0,0.0
7526345510551162118,tiktok,6,0.0,0.0,100.0,0.0
7526417844041469240,tiktok,8,25.0,0.0,75.0,0.25
7526576326296292614,tiktok,18,16.7,5.6,77.8,0.111
7526598249109572920,tiktok,6,0.0,0.0,100.0,0.0
7527099504806382854,tiktok,55,0.0,0.0,100.0,0.0
7527513762325187846,tiktok,56,7.1,0.0,92.9,0.071
7528078581935770886,tiktok,15,13.3,0.0,86.7,0.133
7528190377363361080,tiktok,4,0.0,0.0,100.0,0.0
7528469198389906693,tiktok,4,0.0,0.0,100.0,0.0
7528574876362345784,tiktok,9,11.1,0.0,88.9,0.111
7529022242248772869,tiktok,5,20.0,0.0,80.0,0.2
7529216783455243526,tiktok,27,3.7,0.0,96.3,0.037
7529365131222928646,tiktok,212,1.4,0.0,98.6,0.014
7529397159003786502,tiktok,70,0.0,0.0,100.0,0.0
7529547106449722630,tiktok,12,8.3,0.0,91.7,0.083
7529572624351890744,tiktok,17,0.0,0.0,100.0,0.0
7529581295765179654,tiktok,4,0.0,0.0,100.0,0.0
7529645036133240120,tiktok,14,0.0,0.0,100.0,0.0
7529677259180133637,tiktok,9,11.1,0.0,88.9,0.111
7529707893549976838,tiktok,6,0.0,0.0,100.0,0.0
7529716870673452294,tiktok,4,0.0,0.0,100.0,0.0
7529731073215843590,tiktok,3,0.0,0.0,100.0,0.0
7529740002050297144,tiktok,10,20.0,0.0,80.0,0.2
7529747111672319237,tiktok,3,0.0,0.0,100.0,0.0
7529966031578615045,tiktok,7,0.0,0.0,100.0,0.0
7530340178758536454,tiktok,62,0.0,0.0,100.0,0.0
7530424935580192006,tiktok,32,6.2,0.0,93.8,0.062
7530725566199123205,tiktok,42,0.0,0.0,100.0,0.0
7531104088201694469,tiktok,8,0.0,0.0,100.0,0.0
7531109706656435512,tiktok,3,0.0,0.0,100.0,0.0
7531148260593896709,tiktok,5,0.0,0.0,100.0,0.0
7531156432864054533,tiktok,4,0.0,0.0,100.0,0.0
7531159640684367110,tiktok,11,0.0,0.0,100.0,0.0
7531175998054862136,tiktok,3,0.0,0.0,100.0,0.0
7531185776525184262,tiktok,5,0.0,0.0,100.0,0.0
7531232553915763973,tiktok,10,0.0,0.0,100.0,0.0
7531245798768577848,tiktok,6,16.7,0.0,83.3,0.167
7531254457636605190,tiktok,75,0.0,0.0,100.0,0.0
7531260861046918456,tiktok,118,8.5,0.0,91.5,0.085
7531266597000973574,tiktok,3,0.0,0.0,100.0,0.0
7531271216787737861,tiktok,13,0.0,0.0,100.0,0.0
7531495305280277765,tiktok,21,9.5,0.0,90.5,0.095
7531818178087881990,tiktok,17,11.8,5.9,82.4,0.059
7531945374425042232,tiktok,7,14.3,0.0,85.7,0.143
7532163706742951175,tiktok,3,0.0,0.0,100.0,0.0
7532660206136839480,tiktok,3,0.0,0.0,100.0,0.0
7533325242534563090,tiktok,11,0.0,9.1,90.9,-0.091
7535949806326402309,tiktok,4,0.0,25.0,75.0,-0.25
7536676157656173842,tiktok,61,4.9,1.6,93.4,0.033
7538539763465276677,tiktok,4,0.0,0.0,100.0,0.0
7538664584920583429,tiktok,3,33.3,0.0,66.7,0.333
7538669798750817541,tiktok,17,0.0,5.9,94.1,-0.059
7538846202318703928,tiktok,7,0.0,0.0,100.0,0.0
7538893114027543864,tiktok,11,0.0,0.0,100.0,0.0
7539168472228482311,tiktok,6,0.0,0.0,100.0,0.0
7539587591864093970,tiktok,3,0.0,0.0,100.0,0.0
7539973902093618437,tiktok,42,7.1,0.0,92.9,0.071
7540044397363170565,tiktok,3,0.0,0.0,100.0,0.0
7540340741340482822,tiktok,45,2.2,0.0,97.8,0.022
7540757000574045446,tiktok,13,15.4,0.0,84.6,0.154
7541515751425854725,tiktok,3,0.0,0.0,100.0,0.0
7542965272580345144,tiktok,8,12.5,0.0,87.5,0.125
7543697419108764933,tiktok,6,0.0,0.0,100.0,0.0
7545139333267787013,tiktok,4,0.0,0.0,100.0,0.0
7545537603190246662,tiktok,8,0.0,0.0,100.0,0.0
7545691947424386360,tiktok,3,0.0,0.0,100.0,0.0
7546357895462505784,tiktok,3,0.0,0.0,100.0,0.0
7547776789708344596,tiktok,6,33.3,0.0,66.7,0.333
7547825959500516626,tiktok,6,16.7,0.0,83.3,0.167
7548145381503290629,tiktok,3,0.0,0.0,100.0,0.0
7548146682685377797,tiktok,8,0.0,0.0,100.0,0.0
7548558899469765893,tiktok,9,0.0,11.1,88.9,-0.111
7549230626654719252,tiktok,3,0.0,0.0,100.0,0.0
7550351809647283477,tiktok,6,16.7,0.0,83.3,0.167
7550363454134127892,tiktok,4,0.0,0.0,100.0,0.0
7550365582118374661,tiktok,3,0.0,0.0,100.0,0.0
7550435119392132408,tiktok,5,20.0,0.0,80.0,0.2
7550761931993255186,tiktok,4,0.0,0.0,100.0,0.0
7552948724574604600,tiktok,12,0.0,0.0,100.0,0.0
7553705289690762552,tiktok,7,0.0,0.0,100.0,0.0
7554090256761490709,tiktok,19,5.3,0.0,94.7,0.053
7554163784231734536,tiktok,6,0.0,0.0,100.0,0.0
7554179578021858571,tiktok,4,0.0,0.0,100.0,0.0
7554471415873899784,tiktok,3,0.0,33.3,66.7,-0.333
7554482923651599628,tiktok,4,0.0,25.0,75.0,-0.25
7554534666691300629,tiktok,5,20.0,0.0,80.0,0.2
7554563125509426453,tiktok,9,11.1,0.0,88.9,0.111
7555159447425895736,tiktok,10,0.0,0.0,100.0,0.0
7555604854132002056,tiktok,17,5.9,0.0,94.1,0.059
7556001024608128276,tiktok,5,0.0,0.0,100.0,0.0
7556075004622949653,tiktok,3,0.0,0.0,100.0,0.0
7556656266639084821,tiktok,4,25.0,0.0,75.0,0.25
7556726242360216852,tiktok,3,0.0,0.0,100.0,0.0
7556796971814538517,tiktok,11,0.0,0.0,100.0,0.0
7556812255283842360,tiktok,7,0.0,0.0,100.0,0.0
7557021367749627156,tiktok,5,0.0,0.0,100.0,0.0
7557072032161074452,tiktok,13,0.0,0.0,100.0,0.0
7557086291976932664,tiktok,4,0.0,0.0,100.0,0.0
7557166299474890004,tiktok,5,0.0,0.0,100.0,0.0
7557492782965853458,tiktok,42,2.4,9.5,88.1,-0.071
7558124166000512276,tiktok,7,0.0,0.0,100.0,0.0
7558146471510478136,tiktok,4,0.0,0.0,100.0,0.0
7558535037432384780,tiktok,5,0.0,0.0,100.0,0.0
7558935568780971265,tiktok,5,0.0,0.0,100.0,0.0
7558959940816178488,tiktok,9,22.2,0.0,77.8,0.222
7559697515776412949,tiktok,8,12.5,0.0,87.5,0.125
7561095549638790421,tiktok,7,0.0,0.0,100.0,0.0
7561188073459961108,tiktok,3,0.0,0.0,100.0,0.0
7561455946191441173,tiktok,4,0.0,0.0,100.0,0.0
7561457267804032267,tiktok,3,0.0,0.0,100.0,0.0
7561480858301943061,tiktok,10,0.0,0.0,100.0,0.0
7561659390260956437,tiktok,5,0.0,0.0,100.0,0.0
7561877780523191563,tiktok,5,0.0,20.0,80.0,-0.2
7561879025325493525,tiktok,10,0.0,0.0,100.0,0.0
7561979094095744276,tiktok,5,0.0,0.0,100.0,0.0
7562356159361977621,tiktok,5,20.0,20.0,60.0,0.0
7563819338654944533,tiktok,4,0.0,0.0,100.0,0.0
7564192092185021708,tiktok,8,0.0,0.0,100.0,0.0
7564196137456946453,tiktok,6,0.0,0.0,100.0,0.0
7564429067605249300,tiktok,4,0.0,0.0,100.0,0.0
7564931104701041931,tiktok,51,2.0,3.9,94.1,-0.02
7564943054096829717,tiktok,11,0.0,0.0,100.0,0.0
7565290809520606476,tiktok,6,0.0,0.0,100.0,0.0
7565931163282443576,tiktok,5,0.0,0.0,100.0,0.0
7565950226171776268,tiktok,3,33.3,33.3,33.3,0.0
7567401537127910676,tiktok,3,0.0,0.0,100.0,0.0
7568529516625202453,tiktok,3,0.0,0.0,100.0,0.0
7569257910769929484,tiktok,4,0.0,0.0,100.0,0.0
7569322259089804556,tiktok,8,12.5,0.0,87.5,0.125
7569324267720936725,tiktok,4,0.0,0.0,100.0,0.0
7570937463938600212,tiktok,3,0.0,0.0,100.0,0.0
7571962944485870860,tiktok,10,10.0,0.0,90.0,0.1
7572027479251078421,tiktok,11,0.0,0.0,100.0,0.0
7572262901411712276,tiktok,7,0.0,0.0,100.0,0.0
7573022452654132500,tiktok,6,16.7,0.0,83.3,0.167
7573024133508812044,tiktok,4,0.0,0.0,100.0,0.0
7574223858924801292,tiktok,6,0.0,0.0,100.0,0.0
7575268235638066452,tiktok,4,25.0,0.0,75.0,0.25
7575674957234031928,tiktok,4,25.0,0.0,75.0,0.25
7575676274111171860,tiktok,3,0.0,0.0,100.0,0.0
7576707830745550100,tiktok,3,0.0,0.0,100.0,0.0
7576775582105472277,tiktok,9,0.0,0.0,100.0,0.0
7576781888275221771,tiktok,7,0.0,0.0,100.0,0.0
7577468202339405076,tiktok,10,0.0,0.0,100.0,0.0
7577468938737552652,tiktok,5,0.0,0.0,100.0,0.0
7579306694740544789,tiktok,5,0.0,0.0,100.0,0.0
7579312544796413196,tiktok,4,0.0,0.0,100.0,0.0
7579771843779874069,tiktok,11,0.0,0.0,100.0,0.0
7580209894381341973,tiktok,3,0.0,0.0,100.0,0.0
7580218192618982676,tiktok,3,33.3,0.0,66.7,0.333
7580218436572187915,tiktok,3,0.0,0.0,100.0,0.0
7580224070202002744,tiktok,4,25.0,0.0,75.0,0.25
7580426204751138068,tiktok,4,0.0,0.0,100.0,0.0
7580538741110885644,tiktok,3,0.0,0.0,100.0,0.0
7580539092983631125,tiktok,4,0.0,0.0,100.0,0.0
7580558479702674709,tiktok,10,30.0,0.0,70.0,0.3
7580558796754341132,tiktok,18,0.0,0.0,100.0,0.0
7580605018265455892,tiktok,9,22.2,0.0,77.8,0.222
7580632039607553300,tiktok,4,0.0,0.0,100.0,0.0
7580853785237490965,tiktok,3,0.0,0.0,100.0,0.0
7580879214866386196,tiktok,3,0.0,0.0,100.0,0.0
7581270295714041109,tiktok,3,66.7,0.0,33.3,0.667
7581335115188522251,tiktok,3,0.0,0.0,100.0,0.0
7581336161742753045,tiktok,4,0.0,0.0,100.0,0.0
7582274143069080853,tiktok,3,33.3,0.0,66.7,0.333
7582639713937313035,tiktok,3,0.0,0.0,100.0,0.0
7582641278903504149,tiktok,4,0.0,0.0,100.0,0.0
7582986300165246229,tiktok,3,0.0,0.0,100.0,0.0
7583005743704476948,tiktok,3,0.0,33.3,66.7,-0.333
7585400830195502357,tiktok,4,50.0,0.0,50.0,0.5
7585424664176921877,tiktok,9,0.0,0.0,100.0,0.0
7585606568134053140,tiktok,4,0.0,0.0,100.0,0.0
7586528172750015765,tiktok,3,0.0,0.0,100.0,0.0
7587085077406862612,tiktok,3,0.0,0.0,100.0,0.0
7589112667047021880,tiktok,4,0.0,0.0,100.0,0.0
7589325129373699348,tiktok,6,0.0,16.7,83.3,-0.167
7589325804102864148,tiktok,6,16.7,16.7,66.7,0.0
7589388965321477397,tiktok,8,0.0,0.0,100.0,0.0
7589879646900981004,tiktok,3,0.0,0.0,100.0,0.0
7589881059144240404,tiktok,3,66.7,0.0,33.3,0.667
7590603439114030344,tiktok,8,0.0,0.0,100.0,0.0
7591247943143902485,tiktok,5,0.0,0.0,100.0,0.0
7591259993769315640,tiktok,3,0.0,33.3,66.7,-0.333
7592724384876383496,tiktok,19,26.3,0.0,73.7,0.263
7592731895847243019,tiktok,4,0.0,0.0,100.0,0.0
7593409320268680459,tiktok,10,0.0,0.0,100.0,0.0
7593411529173699861,tiktok,3,0.0,0.0,100.0,0.0
7593419288300506388,tiktok,17,17.6,0.0,82.4,0.176
7593422047372381496,tiktok,22,0.0,0.0,100.0,0.0
7593866075234782485,tiktok,3,33.3,0.0,66.7,0.333
7593880072117947704,tiktok,5,0.0,0.0,100.0,0.0
7595601933679873292,tiktok,3,0.0,0.0,100.0,0.0
7596131443303140629,tiktok,11,27.3,0.0,72.7,0.273
7596406836161449236,tiktok,3,0.0,0.0,100.0,0.0
7596479579158482197,tiktok,4,50.0,0.0,50.0,0.5
7596482892277026059,tiktok,17,5.9,0.0,94.1,0.059
7596702505669561618,tiktok,4,0.0,0.0,100.0,0.0
7596704568285695250,tiktok,4,50.0,0.0,50.0,0.5
7599007714848607508,tiktok,8,0.0,0.0,100.0,0.0
7599011829112638732,tiktok,6,0.0,0.0,100.0,0.0
7599825828343516437,tiktok,3,0.0,0.0,100.0,0.0
7599833038612073749,tiktok,3,0.0,0.0,100.0,0.0
7601311951355907349,tiktok,6,0.0,0.0,100.0,0.0
7601746859035462932,tiktok,4,0.0,0.0,100.0,0.0
7602076864743787797,tiktok,5,20.0,0.0,80.0,0.2
7602079050957327637,tiktok,3,0.0,0.0,100.0,0.0
7602106945511705877,tiktok,45,15.6,2.2,82.2,0.133
7602130341398187285,tiktok,16,37.5,0.0,62.5,0.375
7602373305139481876,tiktok,3,66.7,0.0,33.3,0.667
7602695454698081557,tiktok,3,0.0,0.0,100.0,0.0
7602696840189955348,tiktok,21,0.0,0.0,100.0,0.0
7602765606353407252,tiktok,5,0.0,0.0,100.0,0.0
7603809072940387604,tiktok,14,21.4,0.0,78.6,0.214
7604139359884905735,tiktok,59,10.2,3.4,86.4,0.068
7605765926964792596,tiktok,3,0.0,0.0,100.0,0.0
7606001403659554069,tiktok,6,0.0,0.0,100.0,0.0
7606033529029365013,tiktok,3,33.3,0.0,66.7,0.333
7606037417140686101,tiktok,3,0.0,0.0,100.0,0.0
7606145914671025428,tiktok,3,33.3,0.0,66.7,0.333
7606339263654939925,tiktok,12,33.3,0.0,66.7,0.333
7606357113819958548,tiktok,24,8.3,4.2,87.5,0.042
7606415323138411796,tiktok,72,8.3,0.0,91.7,0.083
7606740650301689096,tiktok,11,36.4,0.0,63.6,0.364
7608635553570934036,tiktok,3,33.3,0.0,66.7,0.333
7608793973179632903,tiktok,3,33.3,0.0,66.7,0.333
7610178046405905685,tiktok,6,16.7,16.7,66.7,0.0
7610610105624579349,tiktok,6,50.0,0.0,50.0,0.5
7610864762255133973,tiktok,22,13.6,4.5,81.8,0.091
7610892896895651093,tiktok,3,0.0,0.0,100.0,0.0
7610949395508382997,tiktok,3,0.0,0.0,100.0,0.0
7611222130415504660,tiktok,4,0.0,0.0,100.0,0.0
7611222411047980308,tiktok,7,14.3,0.0,85.7,0.143
7611270880991268116,tiktok,5,0.0,0.0,100.0,0.0
7611345652492127508,tiktok,3,66.7,0.0,33.3,0.667
7611355098949668116,tiktok,3,0.0,0.0,100.0,0.0
7611602938225560853,tiktok,3,0.0,0.0,100.0,0.0
7611605107385453845,tiktok,3,33.3,0.0,66.7,0.333
7611708461704940820,tiktok,9,11.1,0.0,88.9,0.111
7613058607411662100,tiktok,3,0.0,0.0,100.0,0.0
7613454651265961236,tiktok,4,0.0,0.0,100.0,0.0
7615753652556369173,tiktok,4,25.0,0.0,75.0,0.25
7616846685506948372,tiktok,3,0.0,0.0,100.0,0.0
7618334374714543380,tiktok,3,0.0,0.0,100.0,0.0
7619021991718276372,tiktok,20,15.0,5.0,80.0,0.1
7619023668433210644,tiktok,4,25.0,0.0,75.0,0.25
7620583314243718420,tiktok,6,33.3,0.0,66.7,0.333
7620585055697554708,tiktok,6,0.0,0.0,100.0,0.0
7620880564584795413,tiktok,4,25.0,0.0,75.0,0.25
7621035365306076436,tiktok,11,36.4,0.0,63.6,0.364
7621597971766955285,tiktok,3,100.0,0.0,0.0,1.0
7621686174205185301,tiktok,4,0.0,0.0,100.0,0.0
7621730070213840149,tiktok,5,20.0,0.0,80.0,0.2
7622053385805630740,tiktok,4,0.0,0.0,100.0,0.0
7622120394778070293,tiktok,9,0.0,0.0,100.0,0.0
7622133378313162005,tiktok,20,15.0,5.0,80.0,0.1
7622149103337737493,tiktok,5,0.0,0.0,100.0,0.0
7622149716112837909,tiktok,6,0.0,0.0,100.0,0.0
7622328430670941461,tiktok,6,0.0,0.0,100.0,0.0
7622738488479190293,tiktok,7,28.6,0.0,71.4,0.286
7622841163191553300,tiktok,5,0.0,0.0,100.0,0.0
7626507714264354069,tiktok,3,0.0,0.0,100.0,0.0
7626508214221163796,tiktok,3,0.0,33.3,66.7,-0.333
7626858065228467476,tiktok,3,33.3,0.0,66.7,0.333
7627274559229578517,tiktok,9,11.1,0.0,88.9,0.111
7629087857352772884,tiktok,3,33.3,0.0,66.7,0.333
7629836853704658197,tiktok,3,0.0,0.0,100.0,0.0
7630867554159938836,tiktok,9,44.4,0.0,55.6,0.444
7631005562494373140,tiktok,4,25.0,0.0,75.0,0.25
7631333193538489621,tiktok,4,0.0,25.0,75.0,-0.25
7632327852578426133,tiktok,23,13.0,0.0,87.0,0.13
7632369507977268501,tiktok,3,33.3,0.0,66.7,0.333
7632729242979110164,tiktok,3,0.0,0.0,100.0,0.0
7633205029909925140,tiktok,13,0.0,0.0,100.0,0.0
7633554472765099284,tiktok,6,16.7,0.0,83.3,0.167
7635500584103087380,tiktok,4,75.0,25.0,0.0,0.5
7635517098810150165,tiktok,5,0.0,0.0,100.0,0.0
7636097329300278546,tiktok,76,19.7,0.0,80.3,0.197
7636128671660576021,tiktok,3,0.0,0.0,100.0,0.0
7636611850662104341,tiktok,5,0.0,20.0,80.0,-0.2
7636613554895949076,tiktok,5,20.0,20.0,60.0,0.0
7637257773633506581,tiktok,11,9.1,0.0,90.9,0.091
7637697336159784213,tiktok,4,0.0,0.0,100.0,0.0
7638055766519237908,tiktok,4,0.0,0.0,100.0,0.0
7638068436454755604,tiktok,4,0.0,0.0,100.0,0.0
7638101558651079957,tiktok,10,0.0,10.0,90.0,-0.1
7638292450569669908,tiktok,3,0.0,0.0,100.0,0.0
7639060748089445653,tiktok,8,25.0,0.0,75.0,0.25
7639836124122287381,tiktok,5,20.0,0.0,80.0,0.2
7640731782509301013,tiktok,10,0.0,0.0,100.0,0.0
7640880837663149333,tiktok,20,0.0,0.0,100.0,0.0
7641009983118789908,tiktok,3,0.0,0.0,100.0,0.0
7641026297585569045,tiktok,3,0.0,0.0,100.0,0.0
7641045110972550421,tiktok,240,5.0,0.4,94.6,0.046
7641046526042656021,tiktok,3,0.0,0.0,100.0,0.0
7641048897044958485,tiktok,64,15.6,0.0,84.4,0.156
7641051873750928660,tiktok,3,0.0,0.0,100.0,0.0
7641057485033377044,tiktok,16,6.2,0.0,93.8,0.062
7641084911117536533,tiktok,24,0.0,0.0,100.0,0.0
7641284330228141332,tiktok,3,0.0,0.0,100.0,0.0
7641386599732956436,tiktok,7,0.0,0.0,100.0,0.0
7641437369199103253,tiktok,4,0.0,0.0,100.0,0.0
7641631069661334805,tiktok,68,14.7,0.0,85.3,0.147
7641646800822144276,tiktok,32,12.5,0.0,87.5,0.125
7642460621518277908,tiktok,3,0.0,0.0,100.0,0.0
7642756507658112277,tiktok,3,0.0,33.3,66.7,-0.333
7643200544827247892,tiktok,3,0.0,0.0,100.0,0.0
7643278242056654100,tiktok,21,9.5,0.0,90.5,0.095
7643279169937247509,tiktok,34,11.8,0.0,88.2,0.118
7643280658327948565,tiktok,9,22.2,0.0,77.8,0.222
7643288460534631701,tiktok,6,0.0,0.0,100.0,0.0
7643289484787748116,tiktok,3,0.0,0.0,100.0,0.0
7643303526663277845,tiktok,3,0.0,0.0,100.0,0.0
7643339083753803028,tiktok,7,14.3,0.0,85.7,0.143
7643340361791835413,tiktok,7,14.3,0.0,85.7,0.143
7643347412647529748,tiktok,4,25.0,0.0,75.0,0.25
7643371570144005396,tiktok,5,0.0,0.0,100.0,0.0
7643373230866156821,tiktok,4,25.0,0.0,75.0,0.25
7643378390967258389,tiktok,10,0.0,0.0,100.0,0.0
7643386321217572117,tiktok,5,0.0,0.0,100.0,0.0
pfbid017TSoF6hYgjaYv7wtVgwQcoez4zrGcWzqEVr3t7JtqtDS9f5XdBUuoFzd2K9ZzTpl,facebook,7,0.0,0.0,100.0,0.0
pfbid024mS3MQ965jKUjQfQgGNc29goBQC782BSkJysv6g2igcoGLjJUEXWcSJ3tA8kfnJLl_3,facebook,3,0.0,0.0,100.0,0.0
pfbid02E6twJE7gwKym8HTcpHZKpKLtcspUyZpRd5ieJLbiBdQAUd11TbcS3mhksrkppGiCl,facebook,11,0.0,0.0,100.0,0.0
pfbid02ExUf6EmNRFMK8T3GFbxL4rzmcao8UCkFRy5Qkuqmo7rtBEbgNuJP29vRSej3WEJ3l,facebook,10,0.0,0.0,100.0,0.0
pfbid02HiFYhWJYnQCiPPRLp4Xqpcm6HTwY718FzuKAqK1tFQdxLLKFMVDC6yVqzTwTr37ul,facebook,5,0.0,0.0,100.0,0.0
pfbid02JP8YQtdR7zJK314ZCBqQxEQTfyGeHq2nBCwPsmGgEENSxYQSTVyaEWbfEBPBZaCdl_4,facebook,8,0.0,0.0,100.0,0.0
pfbid02LCxNMGy2i8WCK7PmRGXUMWLg9W5KkPzQs2ky1HQDwJqaDRxaJn7wFKKNHpH1PmN8l,facebook,9,0.0,0.0,100.0,0.0
pfbid02P9DN9Ebg3DFsDGQj6JQb4JqKsGSuYKpH8z2y67ZTNdj3c6kFS4wJuAk1RkhYD3V3l,facebook,3,0.0,0.0,100.0,0.0
pfbid02Pq5LsD5QtrLxWy7N2yYtpxEs3z5CaRujitb7xTEUD7y9Apd16hbw1YpHrn2gBokhl,facebook,8,0.0,0.0,100.0,0.0
pfbid02Px4hvwjtUCxWEezTnNnDgDHyXxqjHszWkqHTjX3a2kVQm6gDxYU8esy7MBdHYoJGl_4,facebook,12,0.0,0.0,100.0,0.0
pfbid02R5GEuAxSYZbnWcdKMoJAQNQX2JkPNtdh6y1GusrDYAatU2KpqQASYLVBMvK9TGTMl,facebook,4,0.0,0.0,100.0,0.0
pfbid02RPwMvbNoTU6VpgYagHtSiWZwftKq16DfJWLf7YLWuroqPQg3vqVWhLzaxjZ96kVrl,facebook,8,0.0,0.0,100.0,0.0
pfbid02YaTwwZwEG7eGhLXLJ4z5Y4LoFD1N8USRWKHLHvgLYaAvqnVAEJZN9RuWwKvUBNw2l,facebook,4,0.0,0.0,100.0,0.0
pfbid02ZGDciaJJ2RNTDxgdaUgtKkFAwhf6LgAr8VG2rAJHMnQWEQuegGte6853eD9cwXCml,facebook,8,0.0,0.0,100.0,0.0
pfbid02basfiTtQhx5gcfhmxzaJZk7oNqQL98XDB4odJfJdncVQYvkknPkpS71NkAoEKL3hl_1,facebook,7,0.0,0.0,100.0,0.0
pfbid02d1YeVtDoUpjZhoCmcj1U1bY2tAruHmYTi88eN5TC2VJePZHTKSpKQxQNMNZ7UKcTl,facebook,9,0.0,0.0,100.0,0.0
pfbid02fmeZgzfQUE8s87ANhrLe3DhrMddDGNdPC4bNaNTUSZ5CKRMAwgCn1751CD888ZMkl,facebook,6,0.0,0.0,100.0,0.0
pfbid02hUhftpCzWAY7BFTkqHpuZyjbyGh3eJGB8tyUS4BxwfoRRMi6vkhH8BpJwymjkhLsl,facebook,4,0.0,0.0,100.0,0.0
pfbid02i8NxxjbEnjy1kvw9d1GzZDQqhAy1jpFiR5BY3zhgpudrkVTZz8f2wAM3JZqgCaPCl,facebook,4,0.0,0.0,100.0,0.0
pfbid02jVzb2UnwaATA5SAmu3BDJTJSjLJkmH5AdF3C1gpibBfN1UqDsJ7UbPPKb9kgDbekl_2,facebook,9,0.0,0.0,100.0,0.0
pfbid02kDbushM5H7Vua3H3hNx5zvrG8FpvrAQdqTEFrsoJEfsNpxs7pPrhHRGexRspXBQHl,facebook,4,0.0,0.0,100.0,0.0
pfbid02oWcNxvjoA9hNCnA672nLvnL1X8MbGb3pdjyayFde8rxciHEJbFJ3eYDyad1sCGqTl,facebook,4,0.0,0.0,100.0,0.0
pfbid02pkudpL1haZMKkSggg9sT34JFKTid8yQ5TBA2j5A637CbB8c646iuqdXpnBdEpYfDl_3,facebook,9,0.0,0.0,100.0,0.0
pfbid02pyuQNSpt4B7sXXfAgh9pSGgpry96tiRknyVZEBqq4oWWV25wm18D82bp8ncftPkGl,facebook,3,0.0,0.0,100.0,0.0
pfbid02qWUyZC9mzwy8bkiBK8V87D3tRtFqrsvAjKo4jWayYsFX8EMKDEiyYvJz9K1F4fLfl,facebook,9,0.0,0.0,100.0,0.0
pfbid02rVpSxq2ZEWdtby6Uc3WQZ4KrptG4gY111JLsy1HgPKRsXmKghj5mYL697LaruoyFl,facebook,3,0.0,0.0,100.0,0.0
pfbid02sYKZbsWbi66Yx4g35Le1Vq64FkjDy8sBXwkC3QNzZVhBWtjDitH2DhWYjtp1ia5rl,facebook,6,0.0,0.0,100.0,0.0
pfbid02tX11H4DdXtwgLCSNrFkEKvFibxuivACksfFKVs4tXPnnNKF7nFcbVF3iyxJu4ksDl,facebook,8,0.0,0.0,100.0,0.0
pfbid02vBuUNFU1rzq959kCDY3UdhegtK5H8f2ZYKGhUMQuVQB14kvAnDT1LiVur5JeeyUl,facebook,5,0.0,0.0,100.0,0.0
pfbid02yVCvVtxsVtpbaSR5nAGApjiFg4krnbNRTaBATwRHou2BMB2VuiHQvwmVxT8pMRcVl_3,facebook,5,0.0,0.0,100.0,0.0
pfbid033o5YMboDcRWLsmSootJ8EGYwFRDHEKiejDiNbAvVicA6SwETVaDtW6ihvsHkCm6Wl_3,facebook,6,0.0,0.0,100.0,0.0
pfbid034mYKGNzhaXXTwDxeCNET2mH55f5Qsq9MD11dxAcowCvqFbavr5BrtZkVncC493Hvl,facebook,4,0.0,0.0,100.0,0.0
pfbid036gwBj6ppWrg5NWD5DU4naTQfSCrHPd2RKK6HCNn1Md6BQUWPup2uK1HZfFisS47Yl,facebook,3,0.0,0.0,100.0,0.0
pfbid037oNL9SUkQtS3g7sTan2zdsu1tRg63nFvSx2Mq2n6XVfvnKH3zyJMYqr9bK2uE6BCl,facebook,9,0.0,0.0,100.0,0.0
pfbid04z6sE8b7Cr9DEhvxHZEEoLykbtUvd5DcwJAgtxH4HkVX3v1FHtsykuSpCY3nti5Ql,facebook,10,0.0,0.0,100.0,0.0
pfbid0675hzif1amhq43qimhM2efaHKMWtiDgAegkN5Aq35AmJz21HT7BwFJ73v9RCdkhEl,facebook,11,0.0,0.0,100.0,0.0
pfbid06oVMdhud5ZxCL9Um492B7FMavXay8viE7RdP5wXCfpRYH8NV2aBF7vZSxMGzgNafl,facebook,10,0.0,0.0,100.0,0.0
pfbid08i7rympDgMgUUYTYKfKitWaA2uLhaPWuzV5jsLjoCU89PNAHfUx4aDzdp1b4ATXgl,facebook,9,0.0,0.0,100.0,0.0
pfbid0BwxgqbbgKDzcZyBwikkCgJDo6zgiDaBkiNGRiwrYjyqPpSgQr8vJvKkJhUdjjb1Dl,facebook,3,0.0,0.0,100.0,0.0
pfbid0Fne6NqW9G1GSgtB3bw627WiWeiojueYvpRXCcJzXw8ajpn7nFdwoNU2mtZRB7EVQl_3,facebook,7,0.0,0.0,100.0,0.0
pfbid0FszShXqzuk2Cdy9tEiHZV9P1X342XQYGmUf7wmsYvKzNRUDKGJdX48L35CzZQ2cUl,facebook,3,0.0,0.0,100.0,0.0
pfbid0JhG5RkpAfGzswfuckdFwU26dCXZSWupte25mSbmMwTyw8toJ8Mvh4dpY7nkm6v4Wl,facebook,8,0.0,0.0,100.0,0.0
pfbid0Jjt6ccvkwiyDFvzjcRcuniSQx8xNYCrGHRm8dc6JMpLNPg9VGg9j8JMBJXTwZhnLl,facebook,8,0.0,0.0,100.0,0.0
pfbid0KNMiUK1V21xnPsoYy8EscrQFDSynurjKFsvHYATHTQMkhh3AsXgEDPbLyxAcw8XMl,facebook,3,0.0,0.0,100.0,0.0
pfbid0Qztw4HfcqxpBjFfBED92Q1pWGVtu1DsZq9zSVE8DRZK8iZbWow242yYpoUTq6HpUl,facebook,3,0.0,0.0,100.0,0.0
pfbid0UAUhYyNmS69RUDUC1fe6qX13sNgLqZGEfviqFimy7WiATLALAWK6j1ysvAWazDYNl,facebook,3,0.0,0.0,100.0,0.0
pfbid0Vg4iZWg1zA9pQWWSGYCBbnNBuw8jt8fyR5ovKh6WRcMFyaSCkAn9iDrNexi38vg6l,facebook,4,0.0,0.0,100.0,0.0
pfbid0XfVxBjRoGgafRnqNQeoFNhBwWe1RvhJSsnSrtarnWQAcgzLQ2QZ3r1AqBxNcjNxYl,facebook,5,0.0,0.0,100.0,0.0
pfbid0YLpFzh8fVCBKiHpw1MCjnzYRQCY7VKCT2BPHVcz4Lq5qaAM15R3QUbhmCQZyAqifl,facebook,9,0.0,0.0,100.0,0.0
pfbid0YxJsQZRRCtpFeZ7rKtZ3auZP4xCKJGHtiWJAuCtouBTdW3Hvd6uuE5JwduMeX1jnl,facebook,3,0.0,0.0,100.0,0.0
pfbid0ZJd2cFoVtBT7TDjNDXEBGb6FuAdNZ7riw366k2JBsc7uN5GzfXJWUfzJWhCXUQ8zl,facebook,6,0.0,0.0,100.0,0.0
pfbid0c6udTRLbSQzdGPZMtE1gs69PM6CRuhXbeKprSCfqXmqFXH1TEFdugGDjxuyGqfY2l,facebook,3,0.0,0.0,100.0,0.0
pfbid0kWRSJ8UXgTMdfBMVhqZ3fKSPgvKQXqJHF8DQFeXUyJQUzfSj9E9sbyxbKyhwgQxfl,facebook,7,0.0,0.0,100.0,0.0
pfbid0rbpqcjA83W3kUiRPqPk2JtGMN1TdkjThBhe2ZHyKJ1eX8LBjF9XTG8zNWADeQTCwl,facebook,10,0.0,0.0,100.0,0.0
pfbid0smD4F1UAgwJeMHy9KRR6ikMSwiXEUMnneF5uLUVNRqGh6NdwWx5nqJMNqRGy2NaTl,facebook,7,0.0,0.0,100.0,0.0
pfbid0toPCAgKzDiMMXB74AsVy2j8C39c3nctDMJZDiNzVk94PHcMfiR241EmevsSjpkb4l,facebook,4,0.0,0.0,100.0,0.0
pfbid0uaht2nYTVfhrAohPgLkZ7KjH9p9pRCdnWF4NUS79zmVKvn7bW1KiAWR4ZynmvEpcl_3,facebook,3,0.0,0.0,100.0,0.0
pfbid0vDQAet8jRheK9hKEQFBh3JSEgcKhHvhF7ARuB2LPApKieA3Wmtd9sGbLcYKzk2okl,facebook,8,0.0,0.0,100.0,0.0
pfbid0vds2QHCFP4wjgcq6jMD3YiRMMwpDVGPWhoaSQ35vJU93EXsqkzpz4yC5iHNbB8HNl,facebook,3,0.0,0.0,100.0,0.0
pfbid0x8ghjQD5SHWUGQDWWkmzof9Kre7nB2rk7VefwgptA9y79PGqD3g5dYv2DqStvubUl,facebook,10,0.0,0.0,100.0,0.0
pfbid0z9kx6fHUeWsBQBmzHr46hpJsWJp4xtGKN7rKunWsgVjB43wPiwXUyPgTKuncNXUil,facebook,9,0.0,0.0,100.0,0.0
