periodo_dt,periodo,plataforma,total_posts,engagement_total,engagement_promedio,controversia_total,viralidad_promedio,semana_label,media_movil,std_movil,es_anomalia,tipo_anomalia
2026-04-27 17:04:12.865,2026-W18,facebook,1,649,649.0,0,0.0,2026-04-27,,,False,
2026-04-27 17:04:12.867,2026-W18,facebook,1,25611,25611.0,0,0.0,2026-04-27,13130.0,17650.7994719786,False,
2026-05-04 17:01:54.755,2026-W19,facebook,1,5208,5208.0,0,0.0,2026-05-04,10489.333333333334,13292.656707119662,False,
2026-05-04 17:01:54.757,2026-W19,facebook,2,1680,840.0,0,0.0,2026-05-04,8077.0,11877.453009799701,False,
2026-05-04 17:01:54.758,2026-W19,facebook,1,181005,181005.0,0,0.0,2026-05-04,53166.0,85907.05827811822,False,
2026-05-04 17:02:04.936,2026-W19,facebook,1,1272,1272.0,0,0.0,2026-05-04,47081.25,89304.12544921986,False,
2026-05-04 17:02:04.942,2026-W19,facebook,1,356,356.0,0,0.0,2026-05-04,45868.25,90091.94361456523,False,
2026-05-04 17:02:04.943,2026-W19,facebook,1,51,51.0,0,0.0,2026-05-04,45671.0,90224.15859402624,False,
2026-05-04 17:02:14.295,2026-W19,facebook,2,61200,30600.0,0,0.0,2026-05-04,8069.75,15029.125731392334,False,
2026-05-04 17:02:14.296,2026-W19,facebook,1,1354,1354.0,0,0.0,2026-05-04,8090.25,15016.81360730917,False,
2026-05-04 17:02:22.794,2026-W19,facebook,1,1548,1548.0,0,0.0,2026-05-04,8388.25,14822.744558616638,False,
2026-05-04 17:02:22.795,2026-W19,facebook,1,359,359.0,0,0.0,2026-05-04,8465.25,14765.688501274359,False,
2026-05-04 17:02:22.820,2026-W19,facebook,1,295,295.0,0,0.0,2026-05-04,889.0,654.2787377454899,False,
2026-05-04 17:02:30.483,2026-W19,facebook,1,2711,2711.0,0,0.0,2026-05-04,1228.25,1144.1647244456685,False,
2026-05-04 17:02:30.484,2026-W19,facebook,1,664,664.0,0,0.0,2026-05-04,1007.25,1147.1868127434602,False,
2026-05-04 17:02:38.161,2026-W19,facebook,1,1471,1471.0,0,0.0,2026-05-04,1285.25,1069.8617901388789,False,
2026-05-04 17:02:38.163,2026-W19,facebook,1,2228,2228.0,0,0.0,2026-05-04,1768.5,895.893036769737,False,
2026-05-04 17:02:47.737,2026-W19,facebook,1,5500,5500.0,0,0.0,2026-05-04,2465.75,2121.2440335800998,False,
2026-05-04 17:02:47.739,2026-W19,facebook,1,5200,5200.0,0,0.0,2026-05-04,3599.75,2048.171928818276,False,
2026-05-04 17:02:47.740,2026-W19,facebook,1,52006,52006.0,0,0.0,2026-05-04,16233.5,23894.015505979718,False,
2026-05-04 17:02:47.741,2026-W19,facebook,1,4600,4600.0,0,0.0,2026-05-04,16826.5,23455.98450289391,False,
2026-05-04 17:02:57.972,2026-W19,facebook,1,2600,2600.0,0,0.0,2026-05-04,16101.5,23962.12864083655,False,
2026-05-04 17:02:57.974,2026-W19,facebook,1,2640,2640.0,0,0.0,2026-05-04,15461.5,24380.8784843095,False,
2026-05-04 17:03:08.457,2026-W19,facebook,2,2901,1450.5,0,0.0,2026-05-04,2822.625,1306.9943493243848,False,
2026-05-04 17:03:08.458,2026-W19,facebook,1,1701,1701.0,0,0.0,2026-05-04,2097.875,611.7279317631369,False,
2026-05-04 17:03:18.888,2026-W19,facebook,2,26860,13430.0,0,0.0,2026-05-04,4805.375,5772.501932654437,False,
2026-05-04 17:03:35.529,2026-W19,facebook,1,1373,1373.0,0,0.0,2026-05-04,4488.625,5962.559928070538,False,
2026-05-04 17:03:35.530,2026-W19,facebook,1,305,305.0,0,0.0,2026-05-04,4202.25,6180.637366000306,False,
2026-05-04 17:03:45.413,2026-W19,facebook,1,1489,1489.0,0,0.0,2026-05-04,4149.25,6210.074415818155,False,
2026-05-04 17:03:45.414,2026-W19,facebook,1,970,970.0,0,0.0,2026-05-04,1034.25,534.6284535380953,False,
2026-05-04 17:03:55.436,2026-W19,facebook,1,61,61.0,0,0.0,2026-05-04,706.25,647.9739578094185,False,
2026-05-04 17:03:55.483,2026-W19,facebook,1,179016,179016.0,0,0.0,2026-05-04,45384.0,89089.95486585454,False,
2026-05-04 17:04:04.153,2026-W19,facebook,1,1958,1958.0,0,0.0,2026-05-04,45501.25,89013.20432900202,False,
2026-05-04 17:04:04.154,2026-W19,facebook,1,2839,2839.0,0,0.0,2026-05-04,45968.5,88705.90678002601,False,
2026-05-04 17:04:12.863,2026-W19,facebook,1,399,399.0,0,0.0,2026-05-04,46053.0,88647.74091124187,False,
2026-05-11 16:59:51.426,2026-W20,facebook,1,634,634.0,0,0.0,2026-05-11,1457.5,1148.5667880734645,False,
2026-05-11 17:00:05.789,2026-W20,facebook,1,4600,4600.0,0,0.0,2026-05-11,2118.0,1986.4022754715945,False,
2026-05-11 17:00:14.518,2026-W20,facebook,1,1202,1202.0,0,0.0,2026-05-11,1708.75,1956.7536678553577,False,
2026-05-11 17:00:14.519,2026-W20,facebook,2,184237,92118.5,0,0.0,2026-05-11,24638.625,45020.652426367975,False,
2026-05-11 17:00:23.393,2026-W20,facebook,1,11500,11500.0,0,0.0,2026-05-11,27355.125,43387.63799051329,False,
2026-05-11 17:00:32.414,2026-W20,facebook,1,1258,1258.0,0,0.0,2026-05-11,26519.625,43999.74761172878,False,
2026-05-11 17:00:32.415,2026-W20,facebook,1,1819,1819.0,0,0.0,2026-05-11,26673.875,43882.331057756026,False,
2026-05-11 17:00:40.310,2026-W20,facebook,1,3300,3300.0,0,0.0,2026-05-11,4469.25,4765.659896593445,False,
2026-05-11 17:00:40.311,2026-W20,facebook,1,10202,10202.0,0,0.0,2026-05-11,4144.75,4129.015974377638,False,
2026-05-11 17:00:40.312,2026-W20,facebook,1,1354,1354.0,0,0.0,2026-05-11,4168.75,4106.863148032293,False,
2026-05-11 17:00:50.014,2026-W20,facebook,1,433,433.0,0,0.0,2026-05-11,3822.25,4417.888966086146,False,
2026-05-11 17:00:50.015,2026-W20,facebook,1,2631,2631.0,0,0.0,2026-05-11,3655.0,4456.742831560478,False,
2026-05-11 17:00:50.017,2026-W20,facebook,1,2535,2535.0,0,0.0,2026-05-11,1738.25,1046.1259882692805,False,
2026-05-11 17:01:11.484,2026-W20,facebook,2,2490,1245.0,0,0.0,2026-05-11,1711.0,1060.788386059654,False,
2026-05-11 17:01:37.242,2026-W20,facebook,1,75021,75021.0,0,0.0,2026-05-11,20358.0,36447.47908978067,False,
2026-05-11 17:01:45.739,2026-W20,facebook,1,661,661.0,0,0.0,2026-05-11,19865.5,36778.66796119728,False,
2026-05-11 17:01:45.740,2026-W20,facebook,1,2800,2800.0,0,0.0,2026-05-11,19931.75,36737.25971793939,False,
2026-05-11 17:01:54.754,2026-W20,facebook,1,413,413.0,0,0.0,2026-05-11,19723.75,36880.40434860586,False,
2026-05-11 17:01:54.756,2026-W20,facebook,1,4600,4600.0,0,0.0,2026-05-11,2118.5,1971.0674772820425,False,
2026-05-18 16:54:20.377,2026-W21,facebook,1,5728,5728.0,0,0.0,2026-05-18,3385.25,2319.5461301726677,False,
2026-05-18 16:54:27.275,2026-W21,facebook,1,765,765.0,0,0.0,2026-05-18,2876.5,2685.0679072726753,False,
2026-05-18 16:54:33.589,2026-W21,facebook,2,91150,45575.0,0,0.0,2026-05-18,14167.0,21046.14199008136,False,
2026-05-18 16:54:39.764,2026-W21,facebook,1,10100,10100.0,0,0.0,2026-05-18,15542.0,20381.94280893423,False,
2026-05-18 16:54:48.187,2026-W21,facebook,2,137000,68500.0,0,0.0,2026-05-18,31235.0,31461.219249524733,False,
2026-05-18 16:55:18.384,2026-W21,facebook,1,377,377.0,0,0.0,2026-05-18,31138.0,31586.825196591046,False,
2026-05-18 16:55:18.385,2026-W21,facebook,1,79250,79250.0,0,0.0,2026-05-18,39556.75,40066.68918503248,False,
2026-05-18 16:55:24.174,2026-W21,facebook,2,651,325.5,0,0.0,2026-05-18,37113.125,42675.224624237955,False,
2026-05-18 16:55:24.175,2026-W21,facebook,1,10200,10200.0,0,0.0,2026-05-18,22538.125,38091.91631298998,False,
2026-05-18 16:55:30.998,2026-W21,facebook,1,19633,19633.0,0,0.0,2026-05-18,27352.125,35485.24656430001,False,
2026-05-18 16:55:30.999,2026-W21,facebook,1,2824,2824.0,0,0.0,2026-05-18,8245.625,8672.067971126167,False,
2026-05-18 16:55:31.000,2026-W21,facebook,1,953,953.0,0,0.0,2026-05-18,8402.5,8484.68913199922,False,
2026-05-18 16:55:38.284,2026-W21,facebook,1,5000,5000.0,0,0.0,2026-05-18,7102.5,8515.78630153037,False,
2026-05-18 16:55:38.285,2026-W21,facebook,1,59016,59016.0,0,0.0,2026-05-18,16948.25,28093.882660050134,False,
2026-05-18 16:55:44.591,2026-W21,facebook,1,181016,181016.0,0,0.0,2026-05-18,61496.25,83961.16893094093,False,
2026-05-18 16:55:44.592,2026-W21,facebook,1,21300,21300.0,0,0.0,2026-05-18,66583.0,79572.1621255407,False,
2026-05-18 16:55:44.593,2026-W21,facebook,1,344,344.0,0,0.0,2026-05-18,65419.0,80797.9096346764,False,
2026-05-18 16:55:52.308,2026-W21,facebook,1,801,801.0,0,0.0,2026-05-18,50865.25,87315.80147707133,False,
2026-05-18 16:55:52.309,2026-W21,facebook,1,392,392.0,0,0.0,2026-05-18,5709.25,10395.855885078978,False,
2026-05-18 16:55:52.310,2026-W21,facebook,2,2292,1146.0,0,0.0,2026-05-18,670.75,377.4010907922695,False,
2026-05-18 16:55:58.614,2026-W21,facebook,2,801,400.5,0,0.0,2026-05-18,684.875,361.8315388379813,False,
2026-05-18 16:56:05.155,2026-W21,facebook,1,62,62.0,0,0.0,2026-05-18,500.125,458.5208782936652,False,
2026-05-18 16:56:05.156,2026-W21,facebook,1,5176,5176.0,0,0.0,2026-05-18,1696.125,2363.695989158617,False,
2026-05-18 16:56:05.157,2026-W21,facebook,1,347006,347006.0,0,0.0,2026-05-18,88161.125,172579.04798592778,False,
2026-05-18 16:56:05.158,2026-W21,facebook,1,1372,1372.0,0,0.0,2026-05-18,88404.0,172414.9765111295,False,
2026-05-18 16:57:21.237,2026-W21,facebook,1,1413,1413.0,0,0.0,2026-05-18,88741.75,172185.40510425577,False,
2026-05-18 16:57:31.234,2026-W21,facebook,1,383,383.0,0,0.0,2026-05-18,87543.5,172975.65542487957,False,
2026-05-18 16:57:31.235,2026-W21,facebook,1,2601,2601.0,0,0.0,2026-05-18,1442.25,907.4695128028636,False,
2026-05-18 16:57:41.093,2026-W21,facebook,1,3205,3205.0,0,0.0,2026-05-18,1900.5,1256.0364909773389,False,
2026-05-18 16:57:52.220,2026-W21,facebook,2,15424,7712.0,0,0.0,2026-05-18,3475.25,3074.053174014182,False,
2026-05-18 16:57:57.613,2026-W21,facebook,1,2942,2942.0,0,0.0,2026-05-18,4115.0,2410.714555202807,False,
2026-05-18 16:58:04.374,2026-W21,facebook,1,10,10.0,0,0.0,2026-05-18,3467.25,3178.8437494367877,False,
2026-05-18 16:58:04.375,2026-W21,facebook,1,10212,10212.0,0,0.0,2026-05-18,5219.0,4599.40242495334,False,
2026-05-18 16:58:17.878,2026-W21,facebook,2,13769,6884.5,0,0.0,2026-05-18,5012.125,4466.58557839953,False,
2026-05-18 16:58:17.879,2026-W21,facebook,1,291022,291022.0,0,0.0,2026-05-18,77032.125,142723.15011960216,False,
2026-05-18 16:58:34.394,2026-W21,facebook,1,46,46.0,0,0.0,2026-05-18,77041.125,142716.67517519632,False,
2026-05-18 16:58:44.081,2026-W21,facebook,1,83,83.0,0,0.0,2026-05-18,74508.875,144377.88382596034,False,
2026-05-18 16:58:53.432,2026-W21,facebook,2,3391,1695.5,0,0.0,2026-05-18,73211.625,145208.95297086827,False,
2026-05-18 16:59:02.864,2026-W21,facebook,1,1452,1452.0,0,0.0,2026-05-18,819.125,877.1480657026025,False,
2026-05-18 16:59:11.605,2026-W21,facebook,1,1114,1114.0,0,0.0,2026-05-18,1086.125,709.9857246211465,False,
2026-05-18 16:59:23.495,2026-W21,facebook,1,721,721.0,0,0.0,2026-05-18,1245.625,423.2944946084379,False,
2026-05-18 17:00:41.478,2026-W21,facebook,1,2428,2428.0,0,0.0,2026-05-18,1428.75,730.0727703449461,False,
2026-05-18 17:00:50.335,2026-W21,facebook,1,533,533.0,0,0.0,2026-05-18,1199.0,854.3430224442326,False,
2026-05-18 17:00:59.188,2026-W21,facebook,2,7405,3702.5,0,0.0,2026-05-18,1846.125,1502.7652497421125,False,
2026-05-18 17:01:23.000,2026-W21,facebook,1,2631,2631.0,0,0.0,2026-05-18,2323.625,1318.2068233649081,False,
2026-05-18 17:01:23.001,2026-W21,facebook,1,593,593.0,0,0.0,2026-05-18,1864.875,1565.819294330971,False,
2026-05-18 17:01:30.863,2026-W21,facebook,2,183028,91514.0,0,0.0,2026-05-18,24610.125,44621.22627250958,False,
2026-05-18 17:01:38.888,2026-W21,facebook,1,1814,1814.0,0,0.0,2026-05-18,24138.0,44925.13930974504,False,
2026-05-18 17:01:55.114,2026-W21,facebook,1,65000,65000.0,0,0.0,2026-05-18,39730.25,45787.492399671755,False,
2026-05-18 17:02:03.280,2026-W21,facebook,1,1624,1624.0,0,0.0,2026-05-18,39988.0,45495.71258920997,False,
2026-05-18 17:02:13.268,2026-W21,facebook,1,350,350.0,0,0.0,2026-05-18,17197.0,31875.29469667691,False,
2026-05-18 17:02:13.269,2026-W21,facebook,1,1946,1946.0,0,0.0,2026-05-18,17230.0,31854.121617147117,False,
2026-05-18 17:02:22.526,2026-W21,facebook,1,631,631.0,0,0.0,2026-05-18,1137.75,767.4748095751974,False,
2026-05-18 17:02:47.594,2026-W21,facebook,1,1335,1335.0,0,0.0,2026-05-18,1065.5,718.4801087474995,False,
2026-05-18 17:02:47.595,2026-W21,facebook,1,12113,12113.0,0,0.0,2026-05-18,4006.25,5431.1421374022075,False,
2026-05-18 17:02:57.042,2026-W21,facebook,1,13473,13473.0,0,0.0,2026-05-18,6888.0,6847.1090736650185,False,
2026-05-18 17:02:57.043,2026-W21,facebook,1,2152,2152.0,0,0.0,2026-05-18,7268.25,6412.227765501303,False,
2026-05-18 17:03:05.259,2026-W21,facebook,1,17637,17637.0,0,0.0,2026-05-18,11343.75,6562.995117830413,False,
2026-05-18 17:03:12.831,2026-W21,facebook,1,299000,299000.0,0,0.0,2026-05-18,83065.5,144104.94722134515,False,
2026-05-18 17:03:21.992,2026-W21,facebook,1,4158,4158.0,0,0.0,2026-05-18,80736.75,145671.19668938217,False,
2026-05-18 17:03:31.268,2026-W21,facebook,1,655,655.0,0,0.0,2026-05-18,80362.5,145942.0617151432,False,
2026-05-18 17:03:31.269,2026-W21,facebook,1,1112,1112.0,0,0.0,2026-05-18,76231.25,148520.6389998261,False,
2026-05-18 17:03:42.216,2026-W21,facebook,2,2952,1476.0,0,0.0,2026-05-18,1850.25,1574.7389995382302,False,
2026-05-18 17:03:42.217,2026-W21,facebook,1,43120,43120.0,0,0.0,2026-05-18,11590.75,21022.183543025847,False,
2026-05-18 17:03:42.223,2026-W21,facebook,1,179004,179004.0,0,0.0,2026-05-18,56178.0,84224.52295303706,False,
2026-05-18 17:03:51.903,2026-W21,facebook,1,1808,1808.0,0,0.0,2026-05-18,56352.0,84073.42473497002,False,
2026-05-18 17:03:59.685,2026-W21,facebook,1,99,99.0,0,0.0,2026-05-18,56007.75,84375.29820342365,False,
2026-05-18 17:03:59.686,2026-W21,facebook,2,184272,92136.0,0,0.0,2026-05-18,68261.75,85432.40432207208,False,
2026-05-18 17:04:08.390,2026-W21,facebook,1,51000,51000.0,0,0.0,2026-05-18,36260.75,44098.1979932287,False,
2026-05-18 17:04:08.391,2026-W21,facebook,1,24400,24400.0,0,0.0,2026-05-18,41908.75,39412.51489374917,False,
2026-05-18 17:04:20.255,2026-W21,facebook,1,24400,24400.0,0,0.0,2026-05-18,47984.0,31994.298825467842,False,
2026-05-18 17:04:20.257,2026-W21,facebook,1,51000,51000.0,0,0.0,2026-05-18,37700.0,15357.517160444035,False,
2026-05-18 17:04:20.258,2026-W21,facebook,1,1605,1605.0,0,0.0,2026-05-18,25351.25,20195.317268697043,False,
2026-05-18 17:04:20.259,2026-W21,facebook,1,250,250.0,0,0.0,2026-05-18,19313.75,23853.125363007108,False,
2026-05-18 17:04:20.260,2026-W21,facebook,1,2307,2307.0,0,0.0,2026-05-18,13790.5,24821.020748551007,False,
2026-05-18 17:04:20.261,2026-W21,facebook,1,527000,527000.0,0,0.0,2026-05-18,132790.5,262807.72008764633,False,
2026-05-18 17:04:28.993,2026-W21,facebook,2,179407,89703.5,0,0.0,2026-05-18,154815.125,251601.6765618408,False,
2026-05-18 17:04:39.161,2026-W21,facebook,2,1756,878.0,0,0.0,2026-05-18,154972.125,251473.24107956793,False,
2026-05-18 17:04:47.806,2026-W21,facebook,1,2225,2225.0,0,0.0,2026-05-18,154951.625,251489.8374757169,False,
2026-05-18 17:04:57.785,2026-W21,facebook,1,1092,1092.0,0,0.0,2026-05-18,23474.625,44156.539001177276,False,
2026-05-18 17:04:57.816,2026-W21,facebook,1,92007,92007.0,0,0.0,2026-05-18,24050.5,45308.1884468285,False,
2026-05-18 17:05:06.365,2026-W21,facebook,1,4600,4600.0,0,0.0,2026-05-18,24981.0,44707.90270932709,False,
2026-05-18 17:05:06.366,2026-W21,facebook,1,87,87.0,0,0.0,2026-05-18,24446.5,45081.86121934175,False,
2026-05-18 17:05:06.367,2026-W21,facebook,1,3066,3066.0,0,0.0,2026-05-18,24940.0,44750.57382872302,False,
2026-05-18 17:05:15.010,2026-W21,facebook,1,1389,1389.0,0,0.0,2026-05-18,2285.5,1966.65579092774,False,
2026-05-18 17:05:15.011,2026-W21,facebook,1,933,933.0,0,0.0,2026-05-18,1368.75,1253.5055843471991,False,
2026-05-18 17:05:24.510,2026-W21,facebook,1,933,933.0,0,0.0,2026-05-18,1580.25,1013.5572258089887,False,
2026-05-18 17:05:24.540,2026-W21,facebook,1,11800,11800.0,0,0.0,2026-05-18,3763.75,5361.810724931423,False,
2026-05-18 17:05:24.541,2026-W21,facebook,1,3500,3500.0,0,0.0,2026-05-18,4291.5,5149.857247211449,False,
2026-05-18 17:05:33.093,2026-W21,facebook,1,1372,1372.0,0,0.0,2026-05-18,4401.25,5058.2891294049505,False,
2026-05-18 17:05:33.094,2026-W21,facebook,1,10200,10200.0,0,0.0,2026-05-18,6718.0,5062.485818909155,False,
2026-05-18 17:05:50.888,2026-W21,facebook,1,2405,2405.0,0,0.0,2026-05-18,4369.25,3983.090372644875,False,
2026-05-18 17:06:00.342,2026-W21,facebook,1,1330,1330.0,0,0.0,2026-05-18,3826.75,4277.820580231982,False,
2026-05-18 17:06:00.343,2026-W21,facebook,1,11000,11000.0,0,0.0,2026-05-18,6233.75,5071.303867513393,False,
2026-05-18 17:06:09.572,2026-W21,facebook,1,528000,528000.0,0,0.0,2026-05-18,135683.75,261579.96410833276,False,
2026-05-18 17:06:09.573,2026-W21,facebook,1,314000,314000.0,0,0.0,2026-05-18,213582.5,254972.43751367842,False,
2026-05-18 17:06:40.193,2026-W21,facebook,1,4600,4600.0,0,0.0,2026-05-18,214400.0,254068.70461878346,False,
2026-05-18 17:06:50.657,2026-W21,facebook,1,783,783.0,0,0.0,2026-05-18,211845.75,256831.5180014257,False,
2026-05-18 17:06:50.658,2026-W21,facebook,2,26268,13134.0,0,0.0,2026-05-18,83129.25,154000.41798942184,False,
2026-05-18 17:06:59.176,2026-W21,facebook,1,92042,92042.0,0,0.0,2026-05-18,27639.75,43244.196869830324,False,
2026-05-18 17:06:59.177,2026-W21,facebook,1,3416,3416.0,0,0.0,2026-05-18,27343.75,43457.99201048422,False,
2026-05-18 17:07:07.603,2026-W21,facebook,1,3043,3043.0,0,0.0,2026-05-18,27908.75,43009.949696746255,False,
2026-05-18 17:07:07.604,2026-W21,facebook,1,3706,3706.0,0,0.0,2026-05-18,25551.75,44327.66402127806,False,
2026-05-18 17:07:07.605,2026-W21,facebook,1,915,915.0,0,0.0,2026-05-18,2770.0,1266.0918871246784,False,
2026-05-18 17:07:18.995,2026-W21,facebook,1,5200,5200.0,0,0.0,2026-05-18,3216.0,1779.5960215667667,False,
2026-05-18 17:07:19.019,2026-W21,facebook,1,481,481.0,0,0.0,2026-05-18,2575.5,2259.0721546635605,False,
2026-05-18 17:07:19.020,2026-W21,facebook,1,525,525.0,0,0.0,2026-05-18,1780.25,2288.161616518727,False,
2026-05-25 15:58:38.252,2026-W22,facebook,1,0,0.0,0,0.0,2026-05-25,1551.5,2443.9296907459498,False,
2026-05-25 15:58:43.194,2026-W22,facebook,1,5,5.0,0,0.0,2026-05-25,252.75,289.52878379001135,False,
2026-05-25 16:51:06.220,2026-W22,facebook,2,53600,26800.0,0,0.0,2026-05-25,6832.5,13313.945383192877,False,
2026-05-25 16:51:10.941,2026-W22,facebook,1,2808,2808.0,0,0.0,2026-05-25,7403.25,12998.621039042677,False,
2026-05-25 16:51:10.942,2026-W22,facebook,1,16270,16270.0,0,0.0,2026-05-25,11470.75,12443.544065765305,False,
2026-05-25 16:51:10.943,2026-W22,facebook,1,756,756.0,0,0.0,2026-05-25,11658.5,12216.475364576709,False,
2026-05-25 16:51:15.369,2026-W22,facebook,1,863,863.0,0,0.0,2026-05-25,5174.25,7457.046259521455,False,
2026-05-25 16:51:15.370,2026-W22,facebook,2,181499,90749.5,0,0.0,2026-05-25,27159.625,43015.1912494777,False,
2026-05-25 16:51:19.371,2026-W22,facebook,2,1509,754.5,0,0.0,2026-05-25,23280.75,44979.19535092467,False,
2026-05-25 16:51:23.663,2026-W22,facebook,1,10200,10200.0,0,0.0,2026-05-25,25641.75,43630.37327844724,False,
2026-05-25 16:51:27.892,2026-W22,facebook,1,941,941.0,0,0.0,2026-05-25,25661.25,43615.62218307384,False,
2026-05-25 16:51:27.893,2026-W22,facebook,1,7885,7885.0,0,0.0,2026-05-25,4945.125,4825.3128115328045,False,
2026-05-25 16:51:32.193,2026-W22,facebook,2,348800,174400.0,0,0.0,2026-05-25,48356.5,84121.0523333288,False,
2026-05-25 16:51:36.791,2026-W22,facebook,2,2758,1379.0,0,0.0,2026-05-25,46151.25,85558.10665029532,False,
2026-05-25 16:51:36.792,2026-W22,facebook,1,69014,69014.0,0,0.0,2026-05-25,63169.5,80168.20679255156,False,
2026-05-25 16:51:36.793,2026-W22,facebook,1,1212,1212.0,0,0.0,2026-05-25,61501.25,81755.83113709163,False,
2026-05-25 16:51:41.506,2026-W22,facebook,2,936,468.0,0,0.0,2026-05-25,18018.25,33999.47290155113,False,
2026-05-25 16:51:47.986,2026-W22,facebook,1,1731,1731.0,0,0.0,2026-05-25,18106.25,33942.458017208715,False,
2026-05-25 16:51:47.987,2026-W22,facebook,1,3300,3300.0,0,0.0,2026-05-25,1677.75,1199.298232291,False,
2026-05-25 16:51:54.367,2026-W22,facebook,1,93129,93129.0,0,0.0,2026-05-25,24657.0,45662.696043926015,False,
2026-05-25 16:51:58.783,2026-W22,facebook,1,14000,14000.0,0,0.0,2026-05-25,28040.0,43733.78023907808,False,
2026-05-25 16:52:04.295,2026-W22,facebook,1,5286,5286.0,0,0.0,2026-05-25,28928.75,43051.721338989184,False,
2026-05-25 16:52:16.398,2026-W22,facebook,1,753,753.0,0,0.0,2026-05-25,28292.0,43572.814116143294,False,
2026-05-25 16:52:16.399,2026-W22,facebook,2,3157,1578.5,0,0.0,2026-05-25,5404.375,6060.016245507096,False,
2026-05-25 16:52:21.796,2026-W22,facebook,1,320,320.0,0,0.0,2026-05-25,1984.375,2262.144313656828,False,
2026-05-25 16:52:26.947,2026-W22,facebook,1,1076,1076.0,0,0.0,2026-05-25,931.875,530.8117015256811,False,
2026-05-25 16:52:34.528,2026-W22,facebook,1,1585,1585.0,0,0.0,2026-05-25,1139.875,596.3229514923843,False,
2026-05-25 16:52:34.529,2026-W22,facebook,1,3700,3700.0,0,0.0,2026-05-25,1670.25,1449.535644028777,False,
2026-05-25 16:52:40.235,2026-W22,facebook,1,669,669.0,0,0.0,2026-05-25,1757.5,1348.1267249940765,False,
2026-05-25 16:52:40.236,2026-W22,facebook,1,990,990.0,0,0.0,2026-05-25,1736.0,1363.2194736394874,False,
2026-05-25 16:53:05.723,2026-W22,facebook,1,1196,1196.0,0,0.0,2026-05-25,1638.75,1391.1710594471315,False,
2026-05-25 16:53:14.873,2026-W22,facebook,1,2949,2949.0,0,0.0,2026-05-25,1451.0,1021.9383542937353,False,
2026-05-25 16:53:14.874,2026-W22,facebook,1,551,551.0,0,0.0,2026-05-25,1421.5,1053.259860295607,False,
2026-05-25 16:53:22.218,2026-W22,facebook,2,21869,10934.5,0,0.0,2026-05-25,3907.625,4792.903632365588,False,
2026-05-25 16:53:33.810,2026-W22,facebook,1,2196,2196.0,0,0.0,2026-05-25,4157.625,4627.545270350497,False,
2026-05-25 16:53:33.811,2026-W22,facebook,2,6642,3321.0,0,0.0,2026-05-25,4250.625,4598.807696473429,False,
2026-05-25 16:53:41.516,2026-W22,facebook,1,469,469.0,0,0.0,2026-05-25,4230.125,4620.926248687585,False,
2026-05-25 16:53:47.296,2026-W22,facebook,1,513004,513004.0,0,0.0,2026-05-25,129747.5,255507.02561051684,False,
2026-05-25 16:53:47.298,2026-W22,facebook,1,1526,1526.0,0,0.0,2026-05-25,129580.0,255618.71090486832,False,
2026-05-25 16:53:47.299,2026-W22,facebook,1,99,99.0,0,0.0,2026-05-25,128774.5,256153.7136519138,False,
2026-05-25 16:53:53.402,2026-W22,facebook,2,2249,1124.5,0,0.0,2026-05-25,128938.375,256044.45499605953,False,
2026-05-25 16:53:59.880,2026-W22,facebook,1,889,889.0,0,0.0,2026-05-25,909.625,601.0068461725887,False,
2026-05-25 16:53:59.881,2026-W22,facebook,1,347006,347006.0,0,0.0,2026-05-25,87279.625,173151.47212550387,False,
2026-05-25 16:53:59.882,2026-W22,facebook,1,1693,1693.0,0,0.0,2026-05-25,87678.125,172885.57939881072,False,
2026-05-25 16:53:59.883,2026-W22,facebook,2,2422,1211.0,0,0.0,2026-05-25,87699.75,172871.14905496323,False,
2026-05-25 16:54:06.319,2026-W22,facebook,1,1885,1885.0,0,0.0,2026-05-25,87948.75,172705.0660565095,False,
2026-05-25 16:54:06.320,2026-W22,facebook,2,186023,93011.5,0,0.0,2026-05-25,24450.125,45708.46266352082,False,
2026-05-25 16:54:13.429,2026-W22,facebook,1,2615,2615.0,0,0.0,2026-05-25,24680.625,45557.52444872098,False,
2026-05-25 16:54:13.431,2026-W22,facebook,1,2820,2820.0,0,0.0,2026-05-25,25082.875,45287.52775024425,False,
2026-05-25 16:54:20.375,2026-W22,facebook,1,2263,2263.0,0,0.0,2026-05-25,25177.375,45223.334974647136,False,
2026-05-25 16:54:20.376,2026-W22,facebook,2,568012,284006.0,0,0.0,2026-05-25,72926.0,140720.18799257855,False,
2026-05-25 16:54:20.378,2026-W22,facebook,1,1197,1197.0,0,0.0,2026-05-25,72571.5,140957.94167646833,False,
2026-05-25 16:54:27.274,2026-W22,facebook,2,2777,1388.5,0,0.0,2026-05-25,72213.625,141195.67911671073,False,
2026-05-25 16:56:03.222,2026-W22,facebook,1,13400,13400.0,0,0.0,2026-05-25,74997.875,139455.61272221763,False,
2026-05-25 16:56:10.134,2026-W22,facebook,1,412,412.0,0,0.0,2026-05-25,4099.375,6214.793739871322,False,
2026-05-25 16:56:35.213,2026-W22,facebook,1,1974,1974.0,0,0.0,2026-05-25,4293.625,6105.011320967699,False,
2026-05-25 16:56:35.220,2026-W22,facebook,1,4605,4605.0,0,0.0,2026-05-25,5097.75,5798.971884450189,False,
2026-05-25 16:56:40.535,2026-W22,facebook,2,401,200.5,0,0.0,2026-05-25,1797.875,2031.6846201638796,False,
2026-05-25 16:56:46.719,2026-W22,facebook,1,0,0.0,0,0.0,2026-05-25,1694.875,2133.267930307188,False,
2026-05-25 16:56:46.720,2026-W22,facebook,1,144,144.0,0,0.0,2026-05-25,1237.375,2246.6696602921206,False,
2026-05-25 16:56:54.262,2026-W22,facebook,2,6549,3274.5,0,0.0,2026-05-25,904.75,1582.0868338928535,False,
2026-05-25 16:57:01.288,2026-W22,facebook,1,286003,286003.0,0,0.0,2026-05-25,72355.375,142439.7626246354,False,
2026-05-25 16:57:01.289,2026-W22,facebook,1,2806,2806.0,0,0.0,2026-05-25,73056.875,141970.77726559015,False,
2026-05-25 16:59:45.217,2026-W22,facebook,2,1814,907.0,0,0.0,2026-05-25,73247.625,141840.61051251323,False,
2026-05-25 16:59:52.566,2026-W22,facebook,2,11073,5536.5,0,0.0,2026-05-25,73813.125,141472.67750015363,False,
2026-05-25 17:00:06.037,2026-W22,facebook,1,283,283.0,0,0.0,2026-05-25,2383.125,2360.230722297889,False,
2026-05-25 17:00:06.038,2026-W22,facebook,1,1349,1349.0,0,0.0,2026-05-25,2018.875,2385.5080652023553,False,
2026-05-25 17:00:06.039,2026-W22,facebook,1,3200,3200.0,0,0.0,2026-05-25,2592.125,2303.3507612053963,False,
2026-05-25 17:00:13.230,2026-W22,facebook,1,1614,1614.0,0,0.0,2026-05-25,1611.5,1205.1496449177955,False,
2026-05-25 17:00:13.231,2026-W22,facebook,1,179100,179100.0,0,0.0,2026-05-25,46315.75,88526.60617906525,False,
2026-05-25 17:00:18.557,2026-W22,facebook,1,7750,7750.0,0,0.0,2026-05-25,47916.0,87494.65749785323,False,
2026-05-25 17:00:18.558,2026-W22,facebook,2,4056,2028.0,0,0.0,2026-05-25,47623.0,87696.04659276253,False,
2026-05-25 17:00:18.559,2026-W22,facebook,1,1320,1320.0,0,0.0,2026-05-25,47549.5,87747.5695446887,False,
2026-05-25 17:00:25.051,2026-W22,facebook,1,428,428.0,0,0.0,2026-05-25,2881.5,3311.026980658037,False,
2026-05-25 17:00:25.052,2026-W22,facebook,1,2652,2652.0,0,0.0,2026-05-25,1607.0,955.976987159637,False,
2026-05-25 17:00:32.880,2026-W22,facebook,1,529,529.0,0,0.0,2026-05-25,1232.25,1027.0944049333953,False,
